district,commune_name,source_tax_year,adopted_year,valid_until_year,income_wealth_pct_base,special_pct,total_pct,commune_multiplier,property_tax_per_mille,communal_property_tax_rate,notes
District d'Aigle,Aigle,2026,2021,2026,66.0,0.0,66.0,0.660,1.20,0.00120,
District d'Aigle,Bex,2026,2024,2026,71.0,0.0,71.0,0.710,1.25,0.00125,
District d'Aigle,Chessel,2026,2025,2026,65.0,0.0,65.0,0.650,1.00,0.00100,
District d'Aigle,Corbeyrier,2026,2025,2026,74.0,0.0,74.0,0.740,1.50,0.00150,
District d'Aigle,Gryon,2026,2025,2026,73.5,0.0,73.5,0.735,1.50,0.00150,
District d'Aigle,Lavey-Morcles,2026,2025,2026,71.5,0.0,71.5,0.715,1.30,0.00130,
District d'Aigle,Leysin,2026,2025,2026,78.0,0.0,78.0,0.780,1.50,0.00150,
District d'Aigle,Noville,2026,2025,2026,75.0,0.0,75.0,0.750,1.50,0.00150,
District d'Aigle,Ollon,2026,2025,2026,68.0,0.0,68.0,0.680,1.30,0.00130,
District d'Aigle,Ormont-Dessous,2026,2024,2026,74.9,2.1,77.0,0.770,1.50,0.00150,
District d'Aigle,Ormont-Dessus,2026,2025,2026,73.0,3.0,76.0,0.760,1.50,0.00150,
District d'Aigle,Rennaz,2026,2025,2027,64.0,0.0,64.0,0.640,1.00,0.00100,
District d'Aigle,Roche,2026,2025,2026,66.5,0.0,66.5,0.665,1.20,0.00120,
District d'Aigle,Villeneuve,2026,2025,2026,66.5,0.0,66.5,0.665,1.00,0.00100,
District d'Aigle,Yvorne,2026,2025,2026,71.5,0.0,71.5,0.715,1.50,0.00150,
District de La Broye-Vully,Avenches,2026,2025,2026,65.0,0.0,65.0,0.650,0.75,0.00075,
District de La Broye-Vully,Bussy-sur-Moudon,2026,2025,2026,78.5,0.0,78.5,0.785,1.00,0.00100,
District de La Broye-Vully,Champtauroz,2026,2025,2026,77.0,0.0,77.0,0.770,0.80,0.00080,
District de La Broye-Vully,Chavannes-sur-Moudon,2026,2025,2026,70.0,0.0,70.0,0.700,1.00,0.00100,
District de La Broye-Vully,Chevroux,2026,2025,2026,68.5,0.0,68.5,0.685,1.20,0.00120,
District de La Broye-Vully,Corcelles-le-Jorat,2026,2025,2027,75.0,0.0,75.0,0.750,1.00,0.00100,
District de La Broye-Vully,Corcelles-près-Payerne,2026,2025,2026,65.0,0.0,65.0,0.650,0.70,0.00070,
District de La Broye-Vully,Cudrefin,2026,2025,2026,59.0,0.0,59.0,0.590,1.50,0.00150,
District de La Broye-Vully,Curtilles,2026,2025,2026,71.0,0.0,71.0,0.710,0.50,0.00050,
District de La Broye-Vully,Dompierre,2026,2024,2026,78.0,0.0,78.0,0.780,1.00,0.00100,
District de La Broye-Vully,Faoug,2026,2025,2026,65.0,0.0,65.0,0.650,1.50,0.00150,
District de La Broye-Vully,Grandcour,2026,2025,2026,72.0,0.0,72.0,0.720,1.00,0.00100,
District de La Broye-Vully,Henniez,2026,2025,2026,69.0,0.0,69.0,0.690,1.00,0.00100,
District de La Broye-Vully,Hermenches,2026,2025,2026,78.0,0.0,78.0,0.780,0.60,0.00060,
District de La Broye-Vully,Lovatens,2026,2023,2026,75.0,0.0,75.0,0.750,0.70,0.00070,
District de La Broye-Vully,Lucens,2026,2025,2027,69.5,0.0,69.5,0.695,1.10,0.00110,
District de La Broye-Vully,Missy,2026,2025,2026,69.0,0.0,69.0,0.690,1.00,0.00100,
District de La Broye-Vully,Moudon,2026,2025,2026,72.5,0.0,72.5,0.725,1.00,0.00100,
District de La Broye-Vully,Payerne,2026,2022,2026,70.0,0.0,70.0,0.700,1.00,0.00100,
District de La Broye-Vully,Prévonloup,2026,2025,2026,72.5,0.0,72.5,0.725,1.00,0.00100,
District de La Broye-Vully,Ropraz,2026,2024,2026,77.5,0.0,77.5,0.775,1.00,0.00100,
District de La Broye-Vully,Rossenges,2026,2025,2026,65.0,0.0,65.0,0.650,0.80,0.00080,
District de La Broye-Vully,Syens,2026,2024,2026,65.0,0.0,65.0,0.650,1.00,0.00100,
District de La Broye-Vully,Trey,2026,2025,2026,78.0,0.0,78.0,0.780,1.00,0.00100,
District de La Broye-Vully,Treytorrens,2026,2025,2026,81.5,0.0,81.5,0.815,1.50,0.00150,
District de La Broye-Vully,Valbroye,2026,2025,2026,70.5,0.0,70.5,0.705,0.60,0.00060,
District de La Broye-Vully,Villars-le-Comte,2026,2024,2026,68.0,0.0,68.0,0.680,1.00,0.00100,
District de La Broye-Vully,Villarzel,2026,2024,2026,75.0,0.0,75.0,0.750,1.00,0.00100,
District de La Broye-Vully,Vucherens,2026,2025,2026,75.0,0.0,75.0,0.750,1.00,0.00100,
District de La Broye-Vully,Vulliens,2026,2025,2026,74.0,0.0,74.0,0.740,1.00,0.00100,
District de La Broye-Vully,Vully-les-Lacs,2026,2025,2027,67.0,0.0,67.0,0.670,1.50,0.00150,
District Du Gros-De Vaud,Assens,2026,2025,2026,70.0,0.0,70.0,0.700,1.00,0.00100,
District Du Gros-De Vaud,Bercher,2026,2025,2026,79.0,0.0,79.0,0.790,1.00,0.00100,
District Du Gros-De Vaud,Bettens,2026,2025,2026,70.0,0.0,70.0,0.700,0.90,0.00090,
District Du Gros-De Vaud,Bottens,2026,2024,2026,72.5,0.0,72.5,0.725,1.00,0.00100,
District Du Gros-De Vaud,Boulens,2026,2025,2026,71.5,0.0,71.5,0.715,1.00,0.00100,
District Du Gros-De Vaud,Bournens,2026,2025,2026,65.0,0.0,65.0,0.650,1.00,0.00100,
District Du Gros-De Vaud,Boussens,2026,2025,2027,64.0,0.0,64.0,0.640,1.00,0.00100,
District Du Gros-De Vaud,Bretigny-sur-Morrens,2026,2025,2026,76.0,0.0,76.0,0.760,1.00,0.00100,
District Du Gros-De Vaud,Cugy,2026,2024,2026,76.0,0.0,76.0,0.760,1.20,0.00120,
District Du Gros-De Vaud,Daillens,2026,2024,2026,66.0,0.0,66.0,0.660,1.20,0.00120,
District Du Gros-De Vaud,Echallens,2026,2023,2026,72.5,0.0,72.5,0.725,1.00,0.00100,
District Du Gros-De Vaud,Essertines-sur-Yverdon,2026,2025,2026,72.0,0.0,72.0,0.720,1.00,0.00100,
District Du Gros-De Vaud,Etagnières,2026,2025,2026,73.0,0.0,73.0,0.730,1.00,0.00100,
District Du Gros-De Vaud,Fey,2026,2025,2026,75.0,0.0,75.0,0.750,1.00,0.00100,
District Du Gros-De Vaud,Froideville,2026,2025,2026,72.0,0.0,72.0,0.720,1.25,0.00125,
District Du Gros-De Vaud,Goumoëns,2026,2025,2026,75.5,0.0,75.5,0.755,1.00,0.00100,
District Du Gros-De Vaud,Jorat-Menthue,2026,2025,2026,70.5,0.0,70.5,0.705,1.00,0.00100,
District Du Gros-De Vaud,Lussery-Villars,2026,2025,2026,75.0,0.0,75.0,0.750,1.00,0.00100,
District Du Gros-De Vaud,Mex,2026,2025,2026,59.5,0.0,59.5,0.595,1.00,0.00100,
District Du Gros-De Vaud,Montanaire,2026,2024,2026,70.0,0.0,70.0,0.700,1.00,0.00100,
District Du Gros-De Vaud,Montilliez,2026,2025,2026,72.5,0.0,72.5,0.725,0.80,0.00080,
District Du Gros-De Vaud,Morrens,2026,2025,2026,74.0,0.0,74.0,0.740,1.00,0.00100,
District Du Gros-De Vaud,Ogens,2026,2025,2026,76.0,0.0,76.0,0.760,1.50,0.00150,
District Du Gros-De Vaud,Oppens,2026,2025,2027,79.0,0.0,79.0,0.790,1.00,0.00100,
District Du Gros-De Vaud,Oulens-sous-Echallens,2026,2025,2026,71.0,0.0,71.0,0.710,1.00,0.00100,
District Du Gros-De Vaud,Pailly,2026,2025,2026,76.0,0.0,76.0,0.760,1.20,0.00120,
District Du Gros-De Vaud,Penthalaz,2026,2025,2026,72.5,0.0,72.5,0.725,1.00,0.00100,
District Du Gros-De Vaud,Penthaz,2026,2025,2026,69.5,0.0,69.5,0.695,1.00,0.00100,
District Du Gros-De Vaud,Penthéréaz,2026,2025,2026,74.0,0.0,74.0,0.740,1.00,0.00100,
District Du Gros-De Vaud,Poliez-Pittet,2026,2025,2026,73.0,0.0,73.0,0.730,1.00,0.00100,
District Du Gros-De Vaud,Rueyres,2026,2024,2026,73.0,0.0,73.0,0.730,1.00,0.00100,
District Du Gros-De Vaud,Saint-Barthélemy,2026,2025,2026,77.0,0.0,77.0,0.770,1.50,0.00150,
District Du Gros-De Vaud,Sullens,2026,2021,2026,64.0,0.0,64.0,0.640,1.00,0.00100,
District Du Gros-De Vaud,Villars-le-Terroir,2026,2025,2026,76.0,0.0,76.0,0.760,1.00,0.00100,
District Du Gros-De Vaud,Vuarrens,2026,2025,2026,73.5,0.0,73.5,0.735,0.80,0.00080,
District Du Gros-De Vaud,Vufflens-la-Ville,2026,2025,2026,63.0,2.0,65.0,0.650,1.20,0.00120,
District Du Jura-Nord Vaudois,Agiez,2026,2021,2026,76.0,0.0,76.0,0.760,0.50,0.00050,
District Du Jura-Nord Vaudois,Arnex-sur-Orbe,2026,2025,2026,71.0,0.0,71.0,0.710,0.80,0.00080,
District Du Jura-Nord Vaudois,Ballaigues,2026,2025,2026,65.0,0.0,65.0,0.650,1.00,0.00100,
District Du Jura-Nord Vaudois,Baulmes,2026,2025,2026,76.5,0.0,76.5,0.765,1.00,0.00100,
District Du Jura-Nord Vaudois,Bavois,2026,2025,2026,72.0,0.0,72.0,0.720,1.20,0.00120,
District Du Jura-Nord Vaudois,Belmont-sur-Yverdon,2026,2025,2026,70.0,0.0,70.0,0.700,1.00,0.00100,
District Du Jura-Nord Vaudois,Bioley-Magnoux,2026,2025,2026,72.0,0.0,72.0,0.720,0.70,0.00070,
District Du Jura-Nord Vaudois,Bofflens,2026,2025,2026,69.0,0.0,69.0,0.690,1.00,0.00100,
District Du Jura-Nord Vaudois,Bonvillars,2026,2025,2026,67.0,0.0,67.0,0.670,1.00,0.00100,
District Du Jura-Nord Vaudois,Bretonnières,2026,2024,2026,69.0,0.0,69.0,0.690,0.60,0.00060,
District Du Jura-Nord Vaudois,Bullet,2026,2025,2026,75.0,0.0,75.0,0.750,1.00,0.00100,
District Du Jura-Nord Vaudois,Chamblon,2026,2025,2026,66.0,0.0,66.0,0.660,1.00,0.00100,
District Du Jura-Nord Vaudois,Champagne,2026,2025,2026,65.0,0.0,65.0,0.650,1.00,0.00100,
District Du Jura-Nord Vaudois,Champvent,2026,2025,2026,70.0,0.0,70.0,0.700,1.00,0.00100,
District Du Jura-Nord Vaudois,Chavannes-le-Chêne,2026,2025,2027,75.0,0.0,75.0,0.750,1.00,0.00100,
District Du Jura-Nord Vaudois,Chavornay,2026,2024,2026,70.5,0.0,70.5,0.705,1.00,0.00100,
District Du Jura-Nord Vaudois,Chêne-Pâquier,2026,2025,2027,75.0,0.0,75.0,0.750,1.00,0.00100,
District Du Jura-Nord Vaudois,Cheseaux-Noréaz,2026,2025,2026,67.0,0.0,67.0,0.670,1.00,0.00100,
District Du Jura-Nord Vaudois,Concise,2026,2025,2026,68.0,0.0,68.0,0.680,1.00,0.00100,
District Du Jura-Nord Vaudois,Corcelles-près-Concise,2026,2025,2026,69.0,0.0,69.0,0.690,1.00,0.00100,
District Du Jura-Nord Vaudois,Cronay,2026,2025,2026,75.0,0.0,75.0,0.750,1.00,0.00100,
District Du Jura-Nord Vaudois,Croy,2026,2021,2026,74.0,0.0,74.0,0.740,0.70,0.00070,
District Du Jura-Nord Vaudois,Cuarny,2026,2025,2027,73.0,0.0,73.0,0.730,1.00,0.00100,
District Du Jura-Nord Vaudois,Démoret,2026,2024,2026,78.0,0.0,78.0,0.780,1.00,0.00100,
District Du Jura-Nord Vaudois,Donneloye,2026,2025,2026,73.0,0.0,73.0,0.730,1.00,0.00100,
District Du Jura-Nord Vaudois,Ependes,2026,2025,2026,73.5,0.0,73.5,0.735,1.00,0.00100,
District Du Jura-Nord Vaudois,Fiez,2026,2025,2026,69.0,0.0,69.0,0.690,1.20,0.00120,
District Du Jura-Nord Vaudois,Fontaines-sur-Grandson,2026,2025,2026,72.0,0.0,72.0,0.720,1.00,0.00100,
District Du Jura-Nord Vaudois,Giez,2026,2025,2026,69.0,0.0,69.0,0.690,1.00,0.00100,
District Du Jura-Nord Vaudois,Grandevent,2026,2025,2026,71.0,0.0,71.0,0.710,1.00,0.00100,
District Du Jura-Nord Vaudois,Grandson,2026,2025,2026,69.0,0.0,69.0,0.690,1.00,0.00100,
District Du Jura-Nord Vaudois,Juriens,2026,2024,2026,79.0,0.0,79.0,0.790,1.00,0.00100,
District Du Jura-Nord Vaudois,La Praz,2026,2021,2026,83.0,0.0,83.0,0.830,1.00,0.00100,
District Du Jura-Nord Vaudois,L'Abbaye,2026,2022,2026,76.0,0.0,76.0,0.760,1.00,0.00100,
District Du Jura-Nord Vaudois,L'Abergement,2026,2025,2026,80.0,0.0,80.0,0.800,1.20,0.00120,
District Du Jura-Nord Vaudois,Le Chenit,2026,2025,2026,58.5,0.0,58.5,0.585,1.00,0.00100,
District Du Jura-Nord Vaudois,Le Lieu,2026,2022,2026,70.0,0.0,70.0,0.700,0.80,0.00080,
District Du Jura-Nord Vaudois,Les Clées,2026,2024,2027,80.0,0.0,80.0,0.800,0.60,0.00060,
District Du Jura-Nord Vaudois,Lignerolle,2026,2024,2026,78.5,0.0,78.5,0.785,0.70,0.00070,
District Du Jura-Nord Vaudois,Mathod,2026,2025,2026,72.0,0.0,72.0,0.720,1.20,0.00120,
District Du Jura-Nord Vaudois,Mauborget,2026,2025,2026,70.0,0.0,70.0,0.700,1.20,0.00120,
District Du Jura-Nord Vaudois,Molondin,2026,2025,2026,81.0,0.0,81.0,0.810,1.00,0.00100,
District Du Jura-Nord Vaudois,Montagny-près-Yverdon,2026,2025,2026,64.5,0.0,64.5,0.645,0.80,0.00080,
District Du Jura-Nord Vaudois,Montcherand,2026,2021,2026,72.0,0.0,72.0,0.720,1.00,0.00100,
District Du Jura-Nord Vaudois,Mutrux,2026,2025,2026,80.0,0.0,80.0,0.800,1.00,0.00100,
District Du Jura-Nord Vaudois,Novalles,2026,2025,2026,76.0,0.0,76.0,0.760,0.80,0.00080,
District Du Jura-Nord Vaudois,Onnens,2026,2025,2026,65.0,0.0,65.0,0.650,1.00,0.00100,
District Du Jura-Nord Vaudois,Orbe,2026,2024,2026,75.5,0.0,75.5,0.755,1.00,0.00100,
District Du Jura-Nord Vaudois,Orges,2026,2025,2026,74.0,0.0,74.0,0.740,1.00,0.00100,
District Du Jura-Nord Vaudois,Orzens,2026,2022,2024,79.0,0.0,79.0,0.790,1.00,0.00100,Ancien arrêté prorogé de plein droit (Art. 35 LICom)
District Du Jura-Nord Vaudois,Pomy,2026,2022,2026,71.0,0.0,71.0,0.710,1.00,0.00100,
District Du Jura-Nord Vaudois,Premier,2026,2021,2026,79.5,0.0,79.5,0.795,1.00,0.00100,
District Du Jura-Nord Vaudois,Provence,2026,2025,2026,81.0,0.0,81.0,0.810,1.50,0.00150,
District Du Jura-Nord Vaudois,Rances,2026,2025,2026,76.5,0.0,76.5,0.765,1.00,0.00100,
District Du Jura-Nord Vaudois,Romainmôtier-Envy,2026,2025,2026,81.0,0.0,81.0,0.810,1.10,0.00110,
District Du Jura-Nord Vaudois,Rovray,2026,2024,2026,73.0,0.0,73.0,0.730,1.00,0.00100,
District Du Jura-Nord Vaudois,Sainte-Croix,2026,2024,2027,70.0,0.0,70.0,0.700,1.00,0.00100,
District Du Jura-Nord Vaudois,Sergey,2026,2025,2026,76.0,0.0,76.0,0.760,1.00,0.00100,
District Du Jura-Nord Vaudois,Suchy,2026,2025,2026,70.0,0.0,70.0,0.700,0.80,0.00080,
District Du Jura-Nord Vaudois,Suscévaz,2026,2025,2026,72.0,0.0,72.0,0.720,1.00,0.00100,
District Du Jura-Nord Vaudois,Tévenon,2026,2025,2026,71.5,0.0,71.5,0.715,1.20,0.00120,
District Du Jura-Nord Vaudois,Treycovagnes,2026,2025,2027,73.0,0.0,73.0,0.730,1.00,0.00100,
District Du Jura-Nord Vaudois,Ursins,2026,2025,2026,75.0,0.0,75.0,0.750,1.00,0.00100,
District Du Jura-Nord Vaudois,Valeyres-sous-Montagny,2026,2025,2026,70.5,0.0,70.5,0.705,1.00,0.00100,
District Du Jura-Nord Vaudois,Valeyres-sous-Rances,2026,2025,2026,71.0,0.0,71.0,0.710,1.00,0.00100,
District Du Jura-Nord Vaudois,Valeyres-sous-Ursins,2026,2025,2026,77.0,0.0,77.0,0.770,1.00,0.00100,
District Du Jura-Nord Vaudois,Vallorbe,2026,2024,2026,70.0,0.0,70.0,0.700,1.00,0.00100,
District Du Jura-Nord Vaudois,Vaulion,2026,2025,2026,81.0,0.0,81.0,0.810,0.50,0.00050,
District Du Jura-Nord Vaudois,Villars-Epeney,2026,2025,2026,72.0,0.0,72.0,0.720,1.00,0.00100,
District Du Jura-Nord Vaudois,Vugelles-La Mothe,2026,2025,2026,70.0,0.0,70.0,0.700,0.70,0.00070,
District Du Jura-Nord Vaudois,Vuiteboeuf,2026,2025,2026,75.0,0.0,75.0,0.750,0.70,0.00070,
District Du Jura-Nord Vaudois,Yverdon-les-Bains,2026,2025,2026,75.0,0.0,75.0,0.750,1.50,0.00150,
District Du Jura-Nord Vaudois,Yvonand,2026,2024,2026,73.0,0.0,73.0,0.730,1.00,0.00100,
District de Lausanne,Cheseaux-sur-Lausanne,2026,2025,2027,73.0,0.0,73.0,0.730,1.00,0.00100,
District de Lausanne,Epalinges,2026,2025,2026,64.5,0.0,64.5,0.645,1.00,0.00100,
District de Lausanne,Jouxtens-Mézery,2026,2025,2026,59.0,0.0,59.0,0.590,1.50,0.00150,
District de Lausanne,Lausanne,2026,2024,2029,78.5,0.0,78.5,0.785,1.50,0.00150,
District de Lausanne,Le Mont-sur-Lausanne,2026,2025,2026,72.0,0.0,72.0,0.720,1.20,0.00120,
District de Lausanne,Romanel-sur-Lausanne,2026,2025,2027,70.5,0.0,70.5,0.705,1.25,0.00125,
District de Lavaux-Oron,Belmont-sur-Lausanne,2026,2021,2026,72.0,0.0,72.0,0.720,1.50,0.00150,
District de Lavaux-Oron,Bourg-en-Lavaux,2026,2024,2026,62.5,0.0,62.5,0.625,1.50,0.00150,
District de Lavaux-Oron,Chexbres,2026,2025,2027,67.5,0.0,67.5,0.675,1.00,0.00100,
District de Lavaux-Oron,Forel (Lavaux),2026,2024,2026,69.0,0.0,69.0,0.690,1.00,0.00100,
District de Lavaux-Oron,Jorat-Mézières,2026,2025,2026,71.0,0.0,71.0,0.710,1.00,0.00100,
District de Lavaux-Oron,Lutry,2026,2025,2027,54.0,0.0,54.0,0.540,0.70,0.00070,
District de Lavaux-Oron,Maracon,2026,2025,2026,74.5,0.0,74.5,0.745,1.00,0.00100,
District de Lavaux-Oron,Montpreveyres,2026,2025,2026,74.5,0.0,74.5,0.745,1.00,0.00100,
District de Lavaux-Oron,Oron,2026,2025,2027,69.0,0.0,69.0,0.690,1.10,0.00110,
District de Lavaux-Oron,Paudex,2026,2025,2026,66.5,0.0,66.5,0.665,0.70,0.00070,
District de Lavaux-Oron,Puidoux,2026,2025,2026,68.5,0.0,68.5,0.685,1.15,0.00115,
District de Lavaux-Oron,Pully,2026,2025,2026,61.0,0.0,61.0,0.610,0.70,0.00070,
District de Lavaux-Oron,Rivaz,2026,2025,2026,62.0,0.0,62.0,0.620,1.00,0.00100,
District de Lavaux-Oron,Savigny,2026,2025,2027,69.0,0.0,69.0,0.690,1.20,0.00120,
District de Lavaux-Oron,Servion,2026,2025,2026,69.0,0.0,69.0,0.690,1.00,0.00100,
District de Lavaux-Oron,St-Saphorin (Lavaux),2026,2025,2026,74.0,0.0,74.0,0.740,1.20,0.00120,
District de Morges,Aclens,2026,2025,2026,60.0,0.0,60.0,0.600,1.10,0.00110,
District de Morges,Allaman,2026,2023,2026,65.0,0.0,65.0,0.650,1.20,0.00120,
District de Morges,Aubonne,2026,2025,2026,67.0,1.0,68.0,0.680,1.00,0.00100,
District de Morges,Ballens,2026,2024,2026,73.0,0.0,73.0,0.730,0.50,0.00050,
District de Morges,Berolle,2026,2025,2026,75.5,0.0,75.5,0.755,1.00,0.00100,
District de Morges,Bière,2026,2025,2026,69.0,0.0,69.0,0.690,0.58,0.00058,
District de Morges,Bougy-Villars,2026,2025,2026,62.0,0.0,62.0,0.620,1.20,0.00120,
District de Morges,Bremblens,2026,2025,2026,68.0,0.0,68.0,0.680,1.00,0.00100,
District de Morges,Buchillon,2026,2025,2026,52.0,0.0,52.0,0.520,1.00,0.00100,
District de Morges,Chavannes-le-Veyron,2026,2024,2026,77.0,0.0,77.0,0.770,1.00,0.00100,
District de Morges,Chevilly,2026,2025,2026,70.0,0.0,70.0,0.700,1.00,0.00100,
District de Morges,Chigny,2026,2024,2026,62.0,0.0,62.0,0.620,1.00,0.00100,
District de Morges,Clarmont,2026,2025,2026,72.0,0.0,72.0,0.720,1.00,0.00100,
District de Morges,Cossonay,2026,2025,2026,66.0,0.0,66.0,0.660,1.00,0.00100,
District de Morges,Cuarnens,2026,2025,2026,76.0,0.0,76.0,0.760,1.00,0.00100,
District de Morges,Denens,2026,2025,2026,63.0,0.0,63.0,0.630,1.00,0.00100,
District de Morges,Denges,2026,2024,2026,62.0,0.0,62.0,0.620,1.00,0.00100,
District de Morges,Dizy,2026,2021,2026,75.0,0.0,75.0,0.750,1.00,0.00100,
District de Morges,Echandens,2026,2025,2026,60.5,0.0,60.5,0.605,1.00,0.00100,
District de Morges,Echichens,2026,2025,2026,66.0,0.0,66.0,0.660,1.00,0.00100,
District de Morges,Eclépens,2026,2024,2026,46.0,0.0,46.0,0.460,1.00,0.00100,
District de Morges,Etoy,2026,2025,2026,60.0,0.0,60.0,0.600,1.00,0.00100,
District de Morges,Féchy,2026,2025,2026,64.0,0.0,64.0,0.640,1.30,0.00130,
District de Morges,Ferreyres,2026,2024,2027,76.0,0.0,76.0,0.760,1.00,0.00100,
District de Morges,Gimel,2026,2025,2026,73.0,0.0,73.0,0.730,1.20,0.00120,
District de Morges,Gollion,2026,2025,2026,74.0,0.0,74.0,0.740,1.00,0.00100,
District de Morges,Grancy,2026,2021,2026,70.0,0.0,70.0,0.700,1.00,0.00100,
District de Morges,Hautemorges,2026,2025,2026,68.0,0.0,68.0,0.680,1.00,0.00100,
District de Morges,La Chaux (Cossonay),2026,2025,2026,76.0,0.0,76.0,0.760,1.20,0.00120,
District de Morges,La Sarraz,2026,2025,2026,70.0,0.0,70.0,0.700,1.00,0.00100,
District de Morges,Lavigny,2026,2025,2026,73.0,0.0,73.0,0.730,1.50,0.00150,
District de Morges,L'Isle,2026,2025,2026,75.0,0.0,75.0,0.750,1.00,0.00100,
District de Morges,Lonay,2026,2025,2026,55.0,0.0,55.0,0.550,1.00,0.00100,
District de Morges,Lully,2026,2025,2026,58.0,0.0,58.0,0.580,1.25,0.00125,
District de Morges,Lussy-sur-Morges,2026,2025,2026,61.5,0.0,61.5,0.615,1.00,0.00100,
District de Morges,Mauraz,2026,2024,2026,75.0,0.0,75.0,0.750,1.00,0.00100,
District de Morges,Moiry,2026,2025,2026,76.0,0.0,76.0,0.760,1.00,0.00100,
District de Morges,Mollens,2026,2025,2026,74.0,0.0,74.0,0.740,1.00,0.00100,
District de Morges,Mont-la-Ville,2026,2025,2026,76.0,0.0,76.0,0.760,1.00,0.00100,
District de Morges,Montricher,2026,2024,2026,64.0,0.0,64.0,0.640,0.30,0.00030,
District de Morges,Morges,2026,2025,2026,67.0,0.0,67.0,0.670,1.00,0.00100,
District de Morges,Orny,2026,2021,2026,73.0,0.0,73.0,0.730,0.65,0.00065,
District de Morges,Pompaples,2026,2021,2026,66.0,0.0,66.0,0.660,1.00,0.00100,
District de Morges,Préverenges,2026,2025,2026,65.0,0.0,65.0,0.650,1.00,0.00100,
District de Morges,Romanel-sur-Morges,2026,2025,2026,56.0,0.0,56.0,0.560,1.00,0.00100,
District de Morges,Saint-Livres,2026,2025,2026,69.0,0.0,69.0,0.690,1.00,0.00100,
District de Morges,Saint-Oyens,2026,2025,2026,77.0,0.0,77.0,0.770,1.00,0.00100,
District de Morges,Saint-Prex,2026,2025,2026,59.0,0.0,59.0,0.590,1.20,0.00120,
District de Morges,Saubraz,2026,2025,2026,77.0,0.0,77.0,0.770,1.00,0.00100,
District de Morges,Senarclens,2026,2021,2026,68.5,0.0,68.5,0.685,1.00,0.00100,
District de Morges,Tolochenaz,2026,2025,2026,64.0,0.0,64.0,0.640,1.00,0.00100,
District de Morges,Vaux-sur-Morges,2026,2024,2026,56.0,0.0,56.0,0.560,1.25,0.00125,
District de Morges,Villars-sous-Yens,2026,2025,2026,74.0,0.0,74.0,0.740,1.20,0.00120,
District de Morges,Vufflens-le-Château,2026,2025,2026,60.5,0.0,60.5,0.605,0.80,0.00080,
District de Morges,Vullierens,2026,2021,2026,76.0,0.0,76.0,0.760,1.00,0.00100,
District de Morges,Yens,2026,2025,2026,68.0,0.0,68.0,0.680,1.00,0.00100,
District de Nyon,Arnex-sur-Nyon,2026,2025,2026,66.0,0.0,66.0,0.660,1.00,0.00100,
District de Nyon,Arzier-Le Muids,2026,2025,2027,64.0,0.0,64.0,0.640,1.50,0.00150,
District de Nyon,Bassins,2026,2025,2026,72.5,0.0,72.5,0.725,1.40,0.00140,
District de Nyon,Begnins,2026,2025,2026,62.5,0.0,62.5,0.625,1.50,0.00150,
District de Nyon,Bogis-Bossey,2026,2025,2026,70.0,0.0,70.0,0.700,1.00,0.00100,
District de Nyon,Borex,2026,2025,2026,57.0,0.0,57.0,0.570,1.50,0.00150,
District de Nyon,Bursinel,2026,2025,2026,62.0,0.0,62.0,0.620,0.75,0.00075,
District de Nyon,Bursins,2026,2025,2026,71.0,0.0,71.0,0.710,1.00,0.00100,
District de Nyon,Burtigny,2026,2025,2026,75.0,0.0,75.0,0.750,1.50,0.00150,
District de Nyon,Chavannes-de-Bogis,2026,2025,2026,58.0,0.0,58.0,0.580,1.50,0.00150,
District de Nyon,Chavannes-des-Bois,2026,2025,2026,66.0,0.0,66.0,0.660,1.50,0.00150,
District de Nyon,Chéserex,2026,2025,2026,59.0,0.0,59.0,0.590,1.00,0.00100,
District de Nyon,Coinsins,2026,2025,2026,49.0,0.0,49.0,0.490,1.00,0.00100,
District de Nyon,Commugny,2026,2025,2026,58.0,0.0,58.0,0.580,1.30,0.00130,
District de Nyon,Coppet,2026,2025,2026,57.0,0.0,57.0,0.570,1.50,0.00150,
District de Nyon,Crans,2026,2025,2026,59.0,0.0,59.0,0.590,1.00,0.00100,
District de Nyon,Crassier,2026,2025,2026,65.0,0.0,65.0,0.650,1.00,0.00100,
District de Nyon,Duillier,2026,2025,2026,66.0,0.0,66.0,0.660,1.00,0.00100,
District de Nyon,Dully,2026,2022,2026,53.0,0.0,53.0,0.530,1.00,0.00100,
District de Nyon,Essertines-sur-Rolle,2026,2025,2026,66.5,0.0,66.5,0.665,1.30,0.00130,
District de Nyon,Eysins,2026,2025,2026,59.5,0.0,59.5,0.595,1.00,0.00100,
District de Nyon,Founex,2026,2025,2026,57.0,0.0,57.0,0.570,1.00,0.00100,
District de Nyon,Genolier,2026,2025,2026,52.0,0.0,52.0,0.520,1.00,0.00100,
District de Nyon,Gilly,2026,2025,2026,62.5,0.0,62.5,0.625,1.00,0.00100,
District de Nyon,Gingins,2026,2025,2026,60.0,0.0,60.0,0.600,0.60,0.00060,
District de Nyon,Givrins,2026,2025,2026,68.5,0.0,68.5,0.685,0.90,0.00090,
District de Nyon,Gland,2026,2025,2026,61.0,0.0,61.0,0.610,1.00,0.00100,
District de Nyon,Grens,2026,2025,2026,60.0,0.0,60.0,0.600,1.00,0.00100,
District de Nyon,La Rippe,2026,2025,2026,63.5,0.0,63.5,0.635,1.00,0.00100,
District de Nyon,Le Vaud,2026,2025,2026,69.0,0.0,69.0,0.690,1.50,0.00150,
District de Nyon,Longirod,2026,2025,2026,77.5,0.0,77.5,0.775,1.00,0.00100,
District de Nyon,Luins,2026,2025,2026,58.5,0.0,58.5,0.585,1.50,0.00150,
District de Nyon,Marchissy,2026,2025,2026,77.5,0.0,77.5,0.775,1.00,0.00100,
District de Nyon,Mies,2026,2025,2026,54.0,0.0,54.0,0.540,1.00,0.00100,
District de Nyon,Mont-sur-Rolle,2026,2025,2026,62.0,0.0,62.0,0.620,1.00,0.00100,
District de Nyon,Nyon,2026,2023,2026,61.0,0.0,61.0,0.610,1.50,0.00150,
District de Nyon,Perroy,2026,2025,2026,60.5,0.0,60.5,0.605,1.30,0.00130,
District de Nyon,Prangins,2026,2025,2026,57.0,0.0,57.0,0.570,1.40,0.00140,
District de Nyon,Rolle,2026,2025,2026,59.5,0.0,59.5,0.595,1.00,0.00100,
District de Nyon,Saint-Cergue,2026,2025,2026,66.0,0.0,66.0,0.660,1.50,0.00150,
District de Nyon,Saint-George,2026,2025,2026,69.5,0.0,69.5,0.695,1.20,0.00120,
District de Nyon,Signy-Avenex,2026,2025,2026,58.0,0.0,58.0,0.580,1.00,0.00100,
District de Nyon,Tannay,2026,2025,2026,60.5,0.0,60.5,0.605,1.50,0.00150,
District de Nyon,Tartegnin,2026,2025,2026,79.0,0.0,79.0,0.790,1.00,0.00100,
District de Nyon,Trélex,2026,2025,2026,57.0,0.0,57.0,0.570,0.90,0.00090,
District de Nyon,Vich,2026,2024,2026,63.0,0.0,63.0,0.630,1.00,0.00100,
District de Nyon,Vinzel,2026,2025,2026,65.0,0.0,65.0,0.650,1.00,0.00100,
District de L'Ouest Lausannois,Bussigny,2026,2025,2026,62.5,0.0,62.5,0.625,1.25,0.00125,
District de L'Ouest Lausannois,Chavannes-près-Renens,2026,2023,2026,77.5,0.0,77.5,0.775,1.50,0.00150,
District de L'Ouest Lausannois,Crissier,2026,2022,2027,63.5,0.0,63.5,0.635,1.00,0.00100,
District de L'Ouest Lausannois,Ecublens,2026,2022,2027,62.5,0.0,62.5,0.625,1.20,0.00120,
District de L'Ouest Lausannois,Prilly,2026,2025,2027,72.5,0.0,72.5,0.725,1.30,0.00130,
District de L'Ouest Lausannois,Renens,2026,2024,2027,77.0,0.0,77.0,0.770,1.40,0.00140,
District de L'Ouest Lausannois,Saint-Sulpice,2026,2025,2026,55.0,0.0,55.0,0.550,0.80,0.00080,
District de L'Ouest Lausannois,Villars-Sainte-Croix,2026,2023,2026,60.5,0.0,60.5,0.605,1.00,0.00100,
District Riviera-Pays D'Enhaut,Blonay - Saint-Légier,2026,2024,2026,67.5,0.0,67.5,0.675,1.00,0.00100,
District Riviera-Pays D'Enhaut,Chardonne,2026,2025,2026,68.0,0.0,68.0,0.680,1.00,0.00100,
District Riviera-Pays D'Enhaut,Château-d'Oex,2026,2025,2027,79.5,2.0,81.5,0.815,1.50,0.00150,
District Riviera-Pays D'Enhaut,Corseaux,2026,2025,2026,67.5,0.0,67.5,0.675,1.00,0.00100,
District Riviera-Pays D'Enhaut,Corsier-sur-Vevey,2026,2025,2026,64.5,0.0,64.5,0.645,1.20,0.00120,
District Riviera-Pays D'Enhaut,Jongny,2026,2023,2025,69.5,0.0,69.5,0.695,1.20,0.00120,Ancien arrêté prorogé de plein droit (Art. 35 LICom)
District Riviera-Pays D'Enhaut,La Tour-de-Peilz,2026,2023,2024,62.5,1.5,64.0,0.640,1.20,0.00120,Ancien arrêté prorogé de plein droit (Art. 35 LICom)
District Riviera-Pays D'Enhaut,Montreux,2026,2025,2027,65.0,0.0,65.0,0.650,1.50,0.00150,
District Riviera-Pays D'Enhaut,Rossinière,2026,2025,2026,81.0,0.0,81.0,0.810,1.50,0.00150,
District Riviera-Pays D'Enhaut,Rougemont,2026,2025,2026,79.0,0.0,79.0,0.790,1.50,0.00150,
District Riviera-Pays D'Enhaut,Vevey,2026,2025,2026,74.5,0.0,74.5,0.745,1.50,0.00150,
District Riviera-Pays D'Enhaut,Veytaux,2026,2024,2026,65.0,0.0,65.0,0.650,1.50,0.00150,
